GeoFIPS,GeoName,Region,TableName,LineCode,IndustryClassification,Description,Unit,2001,2002,2003,2004,2005,2006,2007,2008,2009,2010,2011,2012,2013,2014,2015,2016,2017,2018,2019
 "11000","District of Columbia",2,CAGDP1,1,"...","Real GDP (thousands of chained 2012 dollars)","Thousands of chained 2012 dollars",88443798,91220964,93137494,97904523,100009359,100315923,103031075,106805463,106376386,109940915,111929465,112609956,112811373,114814832,117011027,119420201,120210911,122661859,123929268
 "11000","District of Columbia",2,CAGDP1,2,"...","Chain-type quantity indexes for real GDP","Quantity index",78.540,81.006,82.708,86.941,88.810,89.083,91.494,94.845,94.464,97.630,99.396,100.000,100.179,101.958,103.908,106.048,106.750,108.926,110.052
 "11000","District of Columbia",2,CAGDP1,3,"...","Current-dollar GDP (thousands of current dollars)","Thousands of dollars",65518401,70072613,74178300,80557403,85349234,88580463,94036823,99532269,100916918,106097780,109998770,112609956,115021130,119722803,124853656,129477061,132853575,138773492,143389328
 "11001","District of Columbia, DC",2,CAGDP1,1,"...","Real GDP (thousands of chained 2012 dollars)","Thousands of chained 2012 dollars",88443798,91220964,93137494,97904523,100009359,100315923,103031075,106805463,106376386,109940915,111929465,112609956,112811373,114814832,117011027,119420201,120210911,122661859,123929268
 "11001","District of Columbia, DC",2,CAGDP1,2,"...","Chain-type quantity indexes for real GDP","Quantity index",78.540,81.006,82.708,86.941,88.810,89.083,91.494,94.845,94.464,97.630,99.396,100.000,100.179,101.958,103.908,106.048,106.750,108.926,110.052
 "11001","District of Columbia, DC",2,CAGDP1,3,"...","Current-dollar GDP (thousands of current dollars)","Thousands of dollars",65518401,70072613,74178300,80557403,85349234,88580463,94036823,99532269,100916918,106097780,109998770,112609956,115021130,119722803,124853656,129477061,132853575,138773492,143389328
"Note: See the included footnote file."
"CAGDP1: Gross Domestic Product (GDP) summary by county and metropolitan area "
"Last updated: December 9, 2020 -- new statistics for 2019, revised statistics for 2001-2018."
"Source: U.S. Department of Commerce / Bureau of Economic Analysis / Regional Economic Accounts"
